image_id,block_size,num_masks,mask_type,MSE,MAE,PSNR,SSIM,LPIPS,L2_norm,Avg_measurement_MSE
0,2,1,random_binary,0.05505653843283653,0.1785445511341095,18.612510934607677,0.40514195910951556,0.47731518745422363,30.034086227416992,2.478727765264921e-05
1,2,1,random_binary,0.054440245032310486,0.17787480354309082,18.661399199148363,0.39432653037741583,0.5024181008338928,29.865514755249023,2.499146830814425e-05
