image_id,block_size,num_masks,mask_type,noise_level,MSE,MAE,PSNR,SSIM,LPIPS,L2_norm,Avg_measurement_MSE
0,2,1,random_binary,0.0,0.06850790232419968,0.20066586136817932,17.663193097937995,0.355467771237687,0.1517104059457779,33.50273895263672,1.6937181499088183e-05
1,2,1,random_binary,0.0,0.06624870002269745,0.19693294167518616,17.80882638971232,0.35011296347957255,0.18712031841278076,32.94569396972656,1.5992722183000296e-05
