image_id,block_size,num_masks,mask_type,noise_level,MSE,MAE,PSNR,SSIM,LPIPS,L2_norm,Avg_measurement_MSE
0,2,4,NA,0.0,0.018283048644661903,0.07295066863298416,23.400113802393093,0.8158924470494685,0.06313955783843994,17.307497024536133,0.0002447352271701675
