image_id,block_size,num_masks,mask_type,noise_level,MSE,MAE,PSNR,SSIM,LPIPS,L2_norm,Avg_measurement_MSE
0,2,1,random_binary,0.0,0.05878997966647148,0.1848704218864441,18.327566754119882,0.3798933765657207,0.2851599454879761,31.03570556640625,0.0009086346253752708
1,2,1,random_binary,0.0,0.05735212564468384,0.18334083259105682,18.43510485219628,0.35947023367040454,0.3304401636123657,30.65382957458496,0.0008317456813529134
