image_id,block_size,num_masks,mask_type,noise_level,MSE,MAE,PSNR,SSIM,LPIPS,L2_norm,Avg_measurement_MSE
0,2,1,random_binary,0.0,0.06863394379615784,0.20165210962295532,17.655210955456717,0.340417880934639,0.22906306385993958,33.53354263305664,0.0009624009253457189
1,2,1,random_binary,0.0,0.06680294871330261,0.1992538422346115,17.772643848099726,0.328294358326075,0.17512506246566772,33.08321762084961,0.0010013949358835816
