image_id,block_size,num_masks,mask_type,noise_level,MSE,MAE,PSNR,SSIM,LPIPS,L2_norm,Avg_measurement_MSE
0,2,1,random_binary,0.0,0.06694824248552322,0.19488686323165894,17.76320809320469,0.3560233822902651,0.22260338068008423,33.119178771972656,1.3583387044491246e-05
1,2,1,random_binary,0.0,0.06591220200061798,0.1931769847869873,17.830942067368987,0.34692798931706265,0.20830963551998138,32.861915588378906,1.3009173926548101e-05
