image_id,block_size,num_masks,mask_type,noise_level,MSE,MAE,PSNR,SSIM,LPIPS,L2_norm,Avg_measurement_MSE
0,2,1,random_binary,0.0,0.058811254799366,0.1846313774585724,18.325995600350588,0.3829097301877614,0.28323987126350403,31.04132080078125,0.00027995798154734075
1,2,1,random_binary,0.0,0.057167232036590576,0.18312793970108032,18.449128152423807,0.3719412108968407,0.23830001056194305,30.60437774658203,0.0002862854744307697
