image_id,block_size,num_masks,mask_type,noise_level,MSE,MAE,PSNR,SSIM,LPIPS,L2_norm,Avg_measurement_MSE
0,2,1,random_binary,0.0,0.05383950471878052,0.1786060333251953,18.709589061413904,0.3941932910557979,0.522252082824707,29.70027732849121,0.0013840277679264545
1,2,1,random_binary,0.0,0.053199946880340576,0.17847731709480286,18.76148779060713,0.3772349441151198,0.5082429647445679,29.523345947265625,0.00139304727781564
