image_id,block_size,num_masks,mask_type,noise_level,MSE,MAE,PSNR,SSIM,LPIPS,L2_norm,Avg_measurement_MSE
0,2,1,random_binary,0.0,0.06812456250190735,0.1996113657951355,17.687562829425673,0.35087437039661407,0.15141178667545319,33.40887451171875,6.579130968020763e-06
1,2,1,random_binary,0.0,0.06548413634300232,0.19622284173965454,17.859239081764006,0.3463521881571481,0.17534881830215454,32.75503158569336,6.57066493658931e-06
