image_id,block_size,num_masks,mask_type,noise_level,MSE,MAE,PSNR,SSIM,LPIPS,L2_norm,Avg_measurement_MSE
0,2,1,random_binary,0.0,0.06599131226539612,0.19262251257896423,17.82573216105408,0.3690716668929127,0.17258720099925995,32.881629943847656,5.262439572106814e-06
1,2,1,random_binary,0.0,0.06417129933834076,0.1918976902961731,17.947191403399774,0.35168261243169435,0.2464849352836609,32.42502975463867,4.961700142303016e-06
