image_id,block_size,num_masks,mask_type,MSE,MAE,PSNR,SSIM,LPIPS,L2_norm,Avg_measurement_MSE
0,2,1,random_binary,0.054349385201931,0.18190330266952515,18.66865385539965,0.3575769909298374,0.650326132774353,29.8405818939209,0.008309398777782917
1,2,1,random_binary,0.0534331388771534,0.1803484708070755,18.74249315859668,0.3497181944633243,0.597862720489502,29.587980270385742,0.008036287501454353
