image_id,block_size,num_masks,mask_type,noise_level,MSE,MAE,PSNR,SSIM,LPIPS,L2_norm,Avg_measurement_MSE
0,32,1024,NA,0.0,0.0375775545835495,0.15436559915542603,20.27131440450364,0.5470539696196239,0.12817183136940002,24.812711715698242,321.3558765947819
