image_id,block_size,num_masks,mask_type,noise_level,MSE,MAE,PSNR,SSIM,LPIPS,L2_norm,Avg_measurement_MSE
0,32,1024,NA,0.0,0.0375775545835495,0.15436559915542603,20.27131440450364,0.5470539696196239,0.12817183136940002,24.812711715698242,321.3558765947819
0,32,1024,NA,0.0,0.03715485334396362,0.154208242893219,20.32044488468754,0.5433794517149271,0.1414787769317627,24.672760009765625,33.860899919644
