image_id,block_size,num_masks,mask_type,noise_level,MSE,MAE,PSNR,SSIM,LPIPS,L2_norm,Avg_measurement_MSE
0,2,1,random_binary,0.0,0.054449982941150665,0.17773854732513428,18.660622166052416,0.4130534339056745,0.4760356545448303,29.86818504333496,5.9530764701776206e-05
1,2,1,random_binary,0.0,0.05451875180006027,0.17902520298957825,18.65514103047194,0.3934837641665771,0.4633563160896301,29.887041091918945,6.630145799135789e-05
