image_id,block_size,num_masks,mask_type,MSE,MAE,PSNR,SSIM,LPIPS,L2_norm,Avg_measurement_MSE
0,2,1,random_binary,0.06895967572927475,0.20065590739250183,17.63464770515928,0.3472482400273267,0.16233162581920624,33.61302185058594,0.0002927349414676428
1,2,1,random_binary,0.06703197211027145,0.19925643503665924,17.757779897935283,0.33852794407575626,0.17209795117378235,33.1398811340332,0.00029800133779644966
